{
  "project_info": {
    "project_number": "800603494112",
    "project_id": "login-register-a7f29",
    "storage_bucket": "login-register-a7f29.appspot.com"
  },
  "client": [
    {
      "client_info": {
        "mobilesdk_app_id": "1:800603494112:android:cd85d5f021ee130c5b2285",
        "android_client_info": {
          "package_name": "com.example.atry"
        }
      },
      "oauth_client": [],
      "api_key": [
        {
          "current_key": "AIzaSyD-kwEnV8mnHcoSjfryeHjHGy7JeDATQS4"
        }
      ],
      "services": {
        "appinvite_service": {
          "other_platform_oauth_client": []
        }
      }
    }
  ],
  "configuration_version": "1"
}